<?xml version="1.0" encoding="UTF-8" ?>
<document>
<!--The data in this file is primarily intended for consumption by Xilinx tools.
The structure and the elements are likely to change over the next few releases.
This means code written to parse this file will need to be revisited each subsequent release.-->
<application name="pa" timeStamp="Mon Oct 31 15:53:01 2016">
<section name="Project Information" visible="false">
<property name="ProjectID" value="212938554d8046f790be22e421799156" type="ProjectID"/>
<property name="ProjectIteration" value="9" type="ProjectIteration"/>
</section>
<section name="PlanAhead Usage" visible="true">
<item name="Project Data">
<property name="SrcSetCount" value="1" type="SrcSetCount"/>
<property name="ConstraintSetCount" value="1" type="ConstraintSetCount"/>
<property name="DesignMode" value="RTL" type="DesignMode"/>
<property name="SynthesisStrategy" value="Vivado Synthesis Defaults" type="SynthesisStrategy"/>
<property name="ImplStrategy" value="Vivado Implementation Defaults" type="ImplStrategy"/>
</item>
<item name="Java Command Handlers">
<property name="AddSources" value="14" type="JavaHandler"/>
<property name="CloseProject" value="3" type="JavaHandler"/>
<property name="CreateBlockDesign" value="1" type="JavaHandler"/>
<property name="EditConstraintSets" value="1" type="JavaHandler"/>
<property name="EditDelete" value="8" type="JavaHandler"/>
<property name="EditPaste" value="1" type="JavaHandler"/>
<property name="EditProperties" value="2" type="JavaHandler"/>
<property name="EditSimulationSets" value="2" type="JavaHandler"/>
<property name="EditUndo" value="2" type="JavaHandler"/>
<property name="FitSelection" value="1" type="JavaHandler"/>
<property name="NewProject" value="2" type="JavaHandler"/>
<property name="OpenProject" value="6" type="JavaHandler"/>
<property name="OpenRSBHierarchyBlock" value="1" type="JavaHandler"/>
<property name="ProjectSettingsCmdHandler" value="11" type="JavaHandler"/>
<property name="ReportClockNetworks" value="2" type="JavaHandler"/>
<property name="ReportDRC" value="2" type="JavaHandler"/>
<property name="ReportTimingSummary" value="32" type="JavaHandler"/>
<property name="ReportUtilization" value="2" type="JavaHandler"/>
<property name="RunImplementation" value="8" type="JavaHandler"/>
<property name="RunSchematic" value="28" type="JavaHandler"/>
<property name="RunSynthesis" value="36" type="JavaHandler"/>
<property name="SaveDesign" value="2" type="JavaHandler"/>
<property name="SaveFileProxyHandler" value="11" type="JavaHandler"/>
<property name="SaveProjectAs" value="1" type="JavaHandler"/>
<property name="SetTopNode" value="6" type="JavaHandler"/>
<property name="ShowConnectivity" value="1" type="JavaHandler"/>
<property name="ShowSource" value="6" type="JavaHandler"/>
<property name="ShowView" value="30" type="JavaHandler"/>
<property name="SimulationClose" value="134" type="JavaHandler"/>
<property name="SimulationRestart" value="96" type="JavaHandler"/>
<property name="SimulationRun" value="189" type="JavaHandler"/>
<property name="SimulationRunAll" value="7" type="JavaHandler"/>
<property name="SimulationRunForTime" value="687" type="JavaHandler"/>
<property name="SimulationStep" value="19" type="JavaHandler"/>
<property name="TimingConstraintsWizard" value="13" type="JavaHandler"/>
<property name="ToggleAutoFitSelection" value="2" type="JavaHandler"/>
<property name="ToolsTemplates" value="1" type="JavaHandler"/>
<property name="UpdateSourceFiles" value="1" type="JavaHandler"/>
<property name="ViewTaskImplementation" value="8" type="JavaHandler"/>
<property name="ViewTaskProjectManager" value="1" type="JavaHandler"/>
<property name="ViewTaskSynthesis" value="11" type="JavaHandler"/>
<property name="WaveformNewConfiguration" value="1" type="JavaHandler"/>
<property name="XdcSetExternalDelay" value="2" type="JavaHandler"/>
<property name="XdcSetInputDelay" value="1" type="JavaHandler"/>
<property name="XdcSetOutputDelay" value="2" type="JavaHandler"/>
<property name="ZoomFit" value="1" type="JavaHandler"/>
<property name="ZoomIn" value="17" type="JavaHandler"/>
</item>
<item name="Gui Resources Info">
<property name="PAResourceAtoD.ClockCreationPanel_ENTER_POSITIVE_NUMBER, 20.0" value="1" type="GuiResourceData"/>
<property name="PAResourceAtoD.CmdMsgDialog_OK, OK" value="1" type="GuiResourceData"/>
<property name="PAResourceAtoD.DesignTimingSumSectionPanel_WORST_NEGATIVE_SLACK, -0.051 ns" value="1" type="GuiResourceData"/>
<property name="PAResourceCommand.PACommandNames_GOTO_NETLIST_DESIGN, Open Synthesized Design" value="1" type="GuiResourceData"/>
<property name="PAResourceEtoH.EditCreateClockTablePanel_EDIT_CREATE_CLOCK_TABLE, 1 ; clk ; 5.0 ; 0.0 ; 2.5 ; false ; [get_ports clk] ; /home/sondre/Documents/Skole/Digsys/RSA Project/31.10/rsa/rsa.srcs/constrs_1/new/mega_adder_constraints.xdc ;  ; , 0, 5.0, 2" value="1" type="GuiResourceData"/>
<property name="PAResourceEtoH.EditCreateClockTablePanel_EDIT_CREATE_CLOCK_TABLE, 1 ; clk ; 5.0 ; 0.0 ; 2.5 ; false ; [get_ports clk] ; /home/sondre/Documents/Skole/Digsys/RSA Project/31.10/rsa/rsa.srcs/constrs_1/new/mega_adder_constraints.xdc ;  ; , 0, 5.0, 2, false, false, false, false, true" value="1" type="GuiResourceData"/>
<property name="PAResourceEtoH.FlowNavigatorTreePanel_FLOW_NAVIGATOR_TREE, [, Synthesis, Synthesized Design, Edit Timing Constraints], 20, false" value="1" type="GuiResourceData"/>
<property name="PAResourceEtoH.FlowNavigatorTreePanel_FLOW_NAVIGATOR_TREE, [, Synthesis, Synthesized Design, Report Timing Summary], 22, false" value="2" type="GuiResourceData"/>
<property name="PAResourceItoN.NetlistTreeView_NETLIST_TREE, [rsa_controll, mont_exp (mont_exp" value="2" type="GuiResourceData"/>
<property name="PAResourceTtoZ.TimingItemFlatTablePanel_TABLE, Path 1 ; -0.051357586 ; 13 ; 69 ; i3_reg[0]/C ; i3_reg[29]/D ; 4.9470024 ; 3.5719995 ; 1.375 ; 5.0 ; clk ; clk ; , 0, -0.051357586, 1" value="1" type="GuiResourceData"/>
<property name="PAResourceTtoZ.TimingItemFlatTablePanel_TABLE, Path 1 ; -0.051357586 ; 13 ; 69 ; i3_reg[0]/C ; i3_reg[29]/D ; 4.9470024 ; 3.5719995 ; 1.375 ; 5.0 ; clk ; clk ; , 0, -0.051357586, 1, false, false, false, false, true" value="1" type="GuiResourceData"/>
<property name="PAResourceTtoZ.XdcEditorView_APPLY_ALL_CHANGES_TO_XDC_CONSTRAINTS, Apply" value="1" type="GuiResourceData"/>
<property name="RDIResource.BaseDialog_OK, OK" value="4" type="GuiResourceData"/>
<property name="RDIResource.TclConsoleView_TCL_CONSOLE_CODE_EDITOR, 679, 89" value="1" type="GuiResourceData"/>
<property name="RDIResource.TclConsoleView_TCL_CONSOLE_CODE_EDITOR, 752, 88" value="1" type="GuiResourceData"/>
<property name="RDIResource.TclConsoleView_TCL_CONSOLE_CODE_EDITOR, 752, 88, false, false, false, false, true" value="1" type="GuiResourceData"/>
</item>
<item name="Other">
<property name="GuiMode" value="16" type="GuiMode"/>
<property name="BatchMode" value="0" type="BatchMode"/>
<property name="TclMode" value="11" type="TclMode"/>
</item>
</section>
</application>
</document>
