<?xml version="1.0" encoding="UTF-8"?>
<GenRun Id="synth_1" LaunchPart="xc7z020clg484-1" LaunchTime="1478536359">
  <File Type="RDS-UTIL-PB" Name="rsa_controll_utilization_synth.pb"/>
  <File Type="RDS-DCP" Name="rsa_controll.dcp"/>
  <File Type="RDS-UTIL" Name="rsa_controll_utilization_synth.rpt"/>
  <File Type="RDS-PROPCONSTRS" Name="rsa_controll_drc_synth.rpt"/>
  <File Type="RDS-RDS" Name="rsa_controll.vds"/>
  <File Type="VDS-TIMING-PB" Name="rsa_controll_timing_summary_synth.pb"/>
  <File Type="PA-TCL" Name="rsa_controll.tcl"/>
  <File Type="VDS-TIMINGSUMMARY" Name="rsa_controll_timing_summary_synth.rpt"/>
  <FileSet Name="sources" Type="DesignSrcs" RelSrcDir="$PSRCDIR/sources_1">
    <Filter Type="Srcs"/>
    <File Path="$PSRCDIR/sources_1/new/rsa_datapath.vhd">
      <FileInfo>
        <Attr Name="UsedIn" Val="synthesis"/>
        <Attr Name="UsedIn" Val="simulation"/>
      </FileInfo>
    </File>
    <File Path="$PSRCDIR/sources_1/new/mont_exp.vhd">
      <FileInfo>
        <Attr Name="UsedIn" Val="synthesis"/>
        <Attr Name="UsedIn" Val="simulation"/>
      </FileInfo>
    </File>
    <File Path="$PSRCDIR/sources_1/new/rsa_controll.vhd">
      <FileInfo>
        <Attr Name="UsedIn" Val="synthesis"/>
        <Attr Name="UsedIn" Val="simulation"/>
      </FileInfo>
    </File>
    <Config>
      <Option Name="DesignMode" Val="RTL"/>
      <Option Name="TopModule" Val="rsa_controll"/>
    </Config>
  </FileSet>
  <FileSet Name="constrs_in" Type="Constrs" RelSrcDir="$PSRCDIR/constrs_1">
    <Filter Type="Constrs"/>
    <File Path="$PSRCDIR/constrs_1/new/mega_adder_constraints.xdc">
      <FileInfo>
        <Attr Name="ImportPath" Val="$PPRDIR/../../../ex5/vivado_assignment_5/assignment_5/assignment_5.srcs/constrs_1/new/mega_adder_constraints.xdc"/>
        <Attr Name="ImportTime" Val="1474280424"/>
        <Attr Name="UsedIn" Val="synthesis"/>
        <Attr Name="UsedIn" Val="implementation"/>
      </FileInfo>
    </File>
    <Config>
      <Option Name="TargetConstrsFile" Val="$PSRCDIR/constrs_1/new/mega_adder_constraints.xdc"/>
      <Option Name="ConstrsType" Val="XDC"/>
    </Config>
  </FileSet>
  <Strategy Version="1" Minor="2">
    <StratHandle Name="Vivado Synthesis Defaults" Flow="Vivado Synthesis 2016"/>
    <Step Id="synth_design"/>
  </Strategy>
</GenRun>
