<?xml version="1.0" encoding="UTF-8"?>
<GenRun Id="impl_1" LaunchPart="xc7z020clg484-1" LaunchTime="1478530878">
  <File Type="PA-TCL" Name="rsa_controll.tcl"/>
  <File Type="POSTROUTE-PHYSOPT-DCP" Name="rsa_controll_postroute_physopt.dcp"/>
  <File Type="INIT-TIMING" Name="rsa_controll_timing_summary_init.rpt"/>
  <File Type="OPT-DCP" Name="rsa_controll_opt.dcp"/>
  <File Type="OPT-DRC" Name="rsa_controll_drc_opted.rpt"/>
  <File Type="OPT-METHODOLOGY-DRC" Name="rsa_controll_methodology_drc_opted.rpt"/>
  <File Type="OPT-HWDEF" Name="rsa_controll.hwdef"/>
  <File Type="OPT-TIMING" Name="rsa_controll_timing_summary_opted.rpt"/>
  <File Type="PWROPT-DCP" Name="rsa_controll_pwropt.dcp"/>
  <File Type="PWROPT-DRC" Name="rsa_controll_drc_pwropted.rpt"/>
  <File Type="PWROPT-TIMING" Name="rsa_controll_timing_summary_pwropted.rpt"/>
  <File Type="PLACE-DCP" Name="rsa_controll_placed.dcp"/>
  <File Type="PLACE-IO" Name="rsa_controll_io_placed.rpt"/>
  <File Type="PLACE-CLK" Name="rsa_controll_clock_utilization_placed.rpt"/>
  <File Type="PLACE-UTIL" Name="rsa_controll_utilization_placed.rpt"/>
  <File Type="PLACE-UTIL-PB" Name="rsa_controll_utilization_placed.pb"/>
  <File Type="PLACE-CTRL" Name="rsa_controll_control_sets_placed.rpt"/>
  <File Type="PLACE-SIMILARITY" Name="rsa_controll_incremental_reuse_placed.rpt"/>
  <File Type="PLACE-PRE-SIMILARITY" Name="rsa_controll_incremental_reuse_pre_placed.rpt"/>
  <File Type="PLACE-TIMING" Name="rsa_controll_timing_summary_placed.rpt"/>
  <File Type="POSTPLACE-PWROPT-DCP" Name="rsa_controll_postplace_pwropt.dcp"/>
  <File Type="POSTROUTE-PHYSOPT-TIMING" Name="rsa_controll_timing_summary_postroute_physopted.rpt"/>
  <File Type="BG-BIT" Name="rsa_controll.bit"/>
  <File Type="ROUTE-TIMINGSUMMARY" Name="rsa_controll_timing_summary_routed.rpt"/>
  <File Type="BG-BIN" Name="rsa_controll.bin"/>
  <File Type="ROUTE-SIMILARITY" Name="rsa_controll_incremental_reuse_routed.rpt"/>
  <File Type="BITSTR-MSK" Name="rsa_controll.msk"/>
  <File Type="ROUTE-CLK" Name="rsa_controll_clock_utilization_routed.rpt"/>
  <File Type="BITSTR-RBT" Name="rsa_controll.rbt"/>
  <File Type="BITSTR-NKY" Name="rsa_controll.nky"/>
  <File Type="BITSTR-BMM" Name="rsa_controll_bd.bmm"/>
  <File Type="POSTROUTE-PHYSOPT-BLACKBOX-DCP" Name="rsa_controll_postroute_physopt_bb.dcp"/>
  <File Type="WBT-USG" Name="usage_statistics_webtalk.html"/>
  <File Type="RDI-RDI" Name="rsa_controll.vdi"/>
  <File Type="POSTROUTE-PHYSOPT-TIMING-PB" Name="rsa_controll_timing_summary_postroute_physopted.pb"/>
  <File Type="BG-DRC" Name="rsa_controll.drc"/>
  <File Type="ROUTE-TIMING-PB" Name="rsa_controll_timing_summary_routed.pb"/>
  <File Type="BITSTR-MMI" Name="rsa_controll.mmi"/>
  <File Type="POSTROUTE-PHYSOPT-TIMING-RPX" Name="rsa_controll_timing_summary_postroute_physopted.rpx"/>
  <File Type="BG-BGN" Name="rsa_controll.bgn"/>
  <File Type="ROUTE-TIMING-RPX" Name="rsa_controll_timing_summary_routed.rpx"/>
  <File Type="BITSTR-SYSDEF" Name="rsa_controll.sysdef"/>
  <File Type="ROUTE-STATUS-PB" Name="rsa_controll_route_status.pb"/>
  <File Type="ROUTE-STATUS" Name="rsa_controll_route_status.rpt"/>
  <File Type="ROUTE-PWR-RPX" Name="rsa_controll_power_routed.rpx"/>
  <File Type="ROUTE-PWR-SUM" Name="rsa_controll_power_summary_routed.pb"/>
  <File Type="ROUTE-PWR" Name="rsa_controll_power_routed.rpt"/>
  <File Type="ROUTE-METHODOLOGY-DRC-PB" Name="rsa_controll_methodology_drc_routed.pb"/>
  <File Type="ROUTE-METHODOLOGY-DRC" Name="rsa_controll_methodology_drc_routed.rpt"/>
  <File Type="ROUTE-DRC-PB" Name="rsa_controll_drc_routed.pb"/>
  <File Type="ROUTE-DRC" Name="rsa_controll_drc_routed.rpt"/>
  <File Type="ROUTE-BLACKBOX-DCP" Name="rsa_controll_routed_bb.dcp"/>
  <File Type="ROUTE-DCP" Name="rsa_controll_routed.dcp"/>
  <File Type="PHYSOPT-TIMING" Name="rsa_controll_timing_summary_physopted.rpt"/>
  <File Type="PHYSOPT-DRC" Name="rsa_controll_drc_physopted.rpt"/>
  <File Type="PHYSOPT-DCP" Name="rsa_controll_physopt.dcp"/>
  <File Type="POSTPLACE-PWROPT-TIMING" Name="rsa_controll_timing_summary_postplace_pwropted.rpt"/>
  <FileSet Name="sources" Type="DesignSrcs" RelSrcDir="$PSRCDIR/sources_1">
    <Filter Type="Srcs"/>
    <File Path="$PSRCDIR/sources_1/new/rsa_datapath.vhd">
      <FileInfo>
        <Attr Name="UsedIn" Val="synthesis"/>
        <Attr Name="UsedIn" Val="simulation"/>
      </FileInfo>
    </File>
    <File Path="$PSRCDIR/sources_1/new/mont_exp.vhd">
      <FileInfo>
        <Attr Name="UsedIn" Val="synthesis"/>
        <Attr Name="UsedIn" Val="simulation"/>
      </FileInfo>
    </File>
    <File Path="$PSRCDIR/sources_1/new/rsa_controll.vhd">
      <FileInfo>
        <Attr Name="UsedIn" Val="synthesis"/>
        <Attr Name="UsedIn" Val="simulation"/>
      </FileInfo>
    </File>
    <File Path="$PSRCDIR/sources_1/bd/design_1/design_1.bd">
      <FileInfo>
        <Attr Name="AutoDisabled" Val="1"/>
        <Attr Name="ImportPath" Val="$PPRDIR/../../../ex5/vivado_assignment_5/assignment_5/assignment_5.srcs/sources_1/bd/design_1/design_1.bd"/>
        <Attr Name="ImportTime" Val="1474569115"/>
        <Attr Name="UsedIn" Val="synthesis"/>
        <Attr Name="UsedIn" Val="implementation"/>
        <Attr Name="UsedIn" Val="simulation"/>
      </FileInfo>
    </File>
    <Config>
      <Option Name="DesignMode" Val="RTL"/>
      <Option Name="TopModule" Val="rsa_controll"/>
    </Config>
  </FileSet>
  <FileSet Name="constrs_in" Type="Constrs" RelSrcDir="$PSRCDIR/constrs_1">
    <Filter Type="Constrs"/>
    <File Path="$PSRCDIR/constrs_1/new/mega_adder_constraints.xdc">
      <FileInfo>
        <Attr Name="ImportPath" Val="$PPRDIR/../../../ex5/vivado_assignment_5/assignment_5/assignment_5.srcs/constrs_1/new/mega_adder_constraints.xdc"/>
        <Attr Name="ImportTime" Val="1474280424"/>
        <Attr Name="UsedIn" Val="synthesis"/>
        <Attr Name="UsedIn" Val="implementation"/>
      </FileInfo>
    </File>
    <Config>
      <Option Name="TargetConstrsFile" Val="$PSRCDIR/constrs_1/new/mega_adder_constraints.xdc"/>
      <Option Name="ConstrsType" Val="XDC"/>
    </Config>
  </FileSet>
  <Strategy Version="1" Minor="2">
    <StratHandle Name="Vivado Implementation Defaults" Flow="Vivado Implementation 2016"/>
    <Step Id="init_design"/>
    <Step Id="opt_design"/>
    <Step Id="power_opt_design"/>
    <Step Id="place_design"/>
    <Step Id="post_place_power_opt_design"/>
    <Step Id="phys_opt_design"/>
    <Step Id="route_design"/>
    <Step Id="post_route_phys_opt_design"/>
    <Step Id="write_bitstream"/>
  </Strategy>
</GenRun>
